product,rating,rating count,price,product_url
"AmazonBasics USB 2.0 A-Male to Micro B Charger Cable (2 Pack), 6 feet, Black  ",4.6 out of 5 stars,"9,314  ",11.18,https://amazon.ca/gp/slredirect/picassoRedirect.html/ref=pa_sp_atf_aps_sr_pg1_1?ie=UTF8&adId=A09006882VBN0MF6IAEXY&url=%2FAmazonBasics-Male-Micro-Cable-Black%2Fdp%2FB071S5NPG9%2Fref%3Dsr_1_1_sspa%3Fkeywords%3Dmicro%2Busb%26qid%3D1656174673%26sr%3D8-1-spons%26psc%3D1&qualifier=1656174673&id=126635983520266&widgetName=sp_atf
"Micro USB Cable 【6.6Feet】USB A Male to Micro B Male Cable Android Charger (Aramid Fiber & Double Braided Nylon) for Samsung, Nexus, LG, Motorola, Android Smartphones and More (Gray)  ",4.7 out of 5 stars,4.7 out of 5 stars ,6.99,https://amazon.ca/gp/slredirect/picassoRedirect.html/ref=pa_sp_atf_aps_sr_pg1_1?ie=UTF8&adId=A04845622ND96OJJW2F7W&url=%2F%25E3%2580%25906-6Feet%25E3%2580%2591USB-Android-Charger-Motorola-Smartphones%2Fdp%2FB099K78GW4%2Fref%3Dsr_1_2_sspa%3Fkeywords%3Dmicro%2Busb%26qid%3D1656174673%26sr%3D8-2-spons%26psc%3D1&qualifier=1656174673&id=126635983520266&widgetName=sp_atf
"UGREEN Micro USB Cable Nylon Braided Fast Quick Charger USB to Micro USB 2.0 Android Charging Cord for Galaxy S7 S6 S5 Edge A10, J3 Prime, Redmi Note 5 Pro, PS4, Xbox One Controller(1.5ft, Black)  ",4.6 out of 5 stars,"24,224  ",7.99,https://amazon.ca/gp/slredirect/picassoRedirect.html/ref=pa_sp_atf_aps_sr_pg1_1?ie=UTF8&adId=A04191132BE5HYRS4GTWD&url=%2FUGREEN-Braided-Charger-Charging-Controller%2Fdp%2FB0773N757H%2Fref%3Dsr_1_3_sspa%3Fkeywords%3Dmicro%2Busb%26qid%3D1656174673%26sr%3D8-3-spons%26psc%3D1&qualifier=1656174673&id=126635983520266&widgetName=sp_atf
"Micro USB Cable 【6.6Feet】USB A Male to Micro B Male Cable Android Charger (Aramid Fiber & Double Braided Nylon) for Samsung, Nexus, LG, Motorola, Android Smartphones and More (Gray)  ",4.7 out of 5 stars,4.7 out of 5 stars ,6.99,https://amazon.ca/%E3%80%906-6Feet%E3%80%91USB-Android-Charger-Motorola-Smartphones/dp/B099K78GW4/ref=sr_1_5?keywords=micro+usb&qid=1656174673&sr=8-5
"Micro USB Cable 3Pack 6.6ft USB to Micro USB 2.0 Nylon Braided Fast Quick Charger Cord for PS4, Samsung Galaxy S7 S6, Note, LG, Nexus, Nokia, Xbox One Controlle and More  ",4.4 out of 5 stars,195  ,12.59,https://amazon.ca/Braided-Charger-Samsung-Galaxy-Controlle/dp/B08J3QCR8X/ref=sr_1_6?keywords=micro+usb&qid=1656174673&sr=8-6
"Rankie Micro USB Cable High Speed Data and Charging, Nylon Braided, 3 Feet, 3-Pack  ",4.4 out of 5 stars,"18,276  ",11.99,https://amazon.ca/Rankie-Micro-Charging-Braided-3-Pack/dp/B01JPDTZXK/ref=sr_1_7?keywords=micro+usb&qid=1656174673&sr=8-7
"UGREEN Micro USB Cable Nylon Braided Fast Quick Charger USB to Micro USB 2.0 Android Charging Cord for Galaxy S7 S6 S5 Edge A10, J3 Prime, Redmi Note 5 Pro, PS4, Xbox One Controller(1.5ft, Black)  ",4.6 out of 5 stars,"24,224  ",7.99,https://amazon.ca/UGREEN-Braided-Charger-Charging-Controller/dp/B0773N757H/ref=sr_1_8?keywords=micro+usb&qid=1656174673&sr=8-8
"Micro USB Cable, Charging Cable Super Long Fast Charging Speed 10ft 3 Pack, Micro USB Charger Cable, Compatible with Samsung HTC, Sony, Galaxy, LG, PS4, Android and Others, Nylon Braided Cables  ",4.5 out of 5 stars,369  ,16.99,https://amazon.ca/Charging-Charger-Compatible-Samsung-Android/dp/B08HMXCXW3/ref=sr_1_9?keywords=micro+usb&qid=1656174673&sr=8-9
"Anker [3-Pack] Powerline Micro USB (3ft) - One of The World's Fastest, Most Durable Charging Cable [Assorted Lengths] for Samsung, Nexus, LG, Motorola, Android Smartphones and More (Black)  ",4.6 out of 5 stars,"3,015  ",15.99,https://amazon.ca/Anker-3-Pack-PowerLine-Micro-USB/dp/B015MJLEUS/ref=sr_1_10?keywords=micro+usb&qid=1656174673&sr=8-10
"Micro USB Cable Aioneus Android Charger Cable [3-Pack, 6 ft] Micro USB Cord Nylon Braided Fast USB Charging Cable Compatible with Samsung Galaxy S7/S6, Xbox One, Huawei, Sony, Nexus, HTC, PS4 and More - Blue, Green, Orange  ",4.3 out of 5 stars,"1,402  ",13.99,https://amazon.ca/iPhone-Charger-Rephoenix-Lightning-Charging/dp/B06ZZ465R4/ref=sr_1_11?keywords=micro+usb&qid=1656174673&sr=8-11
"Siwket Micro USB Charging Cable 3M Braided USB A to Micro Android Charger Cable Data Sync Cord for Samsung Galaxy J7,S7,S6,Kindle Fire,Fire HD Tablets,PS4 Controller,Sony,HTC,LG,Motorola,Huawei Grey  ",4.5 out of 5 stars,"2,352  ",6.99,https://amazon.ca/Siwket-Charging-Braided-Controller-Motorola/dp/B08CBDZM6L/ref=sr_1_12?keywords=micro+usb&qid=1656174673&sr=8-12
"Micro USB Charging Cable,[4-Pack 2X3.3ft 6.6ft 10ft] USB A to Micro High Speed Charger Cable Braided Android Charge Cord Data Sync Compatible for Samsung Galaxy J7,S7,S6,Note 5,Kindle Fire,PS4 Controller,Moto,Sony,HTC,LG,Android Smartphones and More Micro Charging Ports Devices -Grey  ",4.5 out of 5 stars,323  ,16.99,https://amazon.ca/Charging-2X3-3ft-Compatible-Controller-Smartphones/dp/B08BPC8Z65/ref=sr_1_13?keywords=micro+usb&qid=1656174673&sr=8-13
"Anker Powerline+ Micro USB (10ft) The Premium, Fast, Durable Cable [Aramid Fiber & Double Braided Nylon] for Samsung, Nexus, LG, Motorola, Android Smartphones and More (Gray)  ",4.6 out of 5 stars,"29,347  ",17.99,https://amazon.ca/Anker-PowerLine-Premium-Motorola-Smartphones/dp/B019Q6Y2MK/ref=sr_1_14?keywords=micro+usb&qid=1656174673&sr=8-14
"Extra Long Micro USB Cable 5M,ANMIEL Android Fast Charging Cable,Braided USB Charger Sync Cord for Samsung Galaxy S6/S7,Xbox One S/X,PS4/PS4 Pro /PS4 Slim Controllers,Nexus, Sony Phone etc  ",4.5 out of 5 stars,142  ,9.99,https://amazon.ca/ANMIEL-Android-Charging-Braided-Controllers/dp/B09FF5NVG7/ref=sr_1_15?keywords=micro+usb&qid=1656174673&sr=8-15
"Micro USB Cable 【6.6Feet】USB A Male to Micro B Male Cable Android Charger (Aramid Fiber & Double Braided Nylon) for Samsung, Nexus, LG, Motorola, Android Smartphones and More (Gray)  ",4.7 out of 5 stars,162  ,6.99,https://amazon.ca/%E3%80%906-6Feet%E3%80%91USB-Android-Charger-Motorola-Smartphones/dp/B099K78GW4/ref=sxin_24_ac_d_rm?ac_md=0-0-bWljcm8gdXNi-ac_d_rm_rm_rm&content-id=amzn1.sym.53f5f071-321e-4adc-a9c3-34b734db640f%3Aamzn1.sym.53f5f071-321e-4adc-a9c3-34b734db640f&cv_ct_cx=micro+usb&keywords=micro+usb&pd_rd_i=B099K78GW4&pd_rd_r=7d01d0c4-204e-4e1e-b4dc-94c1d76d0ee2&pd_rd_w=V13aM&pd_rd_wg=LTbQ1&pf_rd_p=53f5f071-321e-4adc-a9c3-34b734db640f&pf_rd_r=6Q1CN912PJHH098XW3CK&psc=1&qid=1656174673&sr=1-1-7d9bfb42-6e38-4445-b604-42cab39e191b
"USB C Cable Aioneus [2-Pack 6ft Black] Fast Type C Charging Cord Nylon Braided Charger Cable Compatible with Samsung Galaxy S20 Fe/S10/S9/S8+/A20/A50/A70, Lg Velvet/ V20/ G8/G7/G6/Stylo 4/5/6, Moto G8/Z3/Z4 and More  ",4.3 out of 5 stars,"16,000  ",12.99,https://amazon.ca/Cable%E3%80%902-Charger-Charging-Samsung-Nintendo/dp/B07WC3ZMF1/ref=sxin_24_ac_d_rm?ac_md=1-1-c2Ftc3VuZyBjaGFyZ2VyIGNhYmxl-ac_d_rm_rm_rm&content-id=amzn1.sym.53f5f071-321e-4adc-a9c3-34b734db640f%3Aamzn1.sym.53f5f071-321e-4adc-a9c3-34b734db640f&cv_ct_cx=micro+usb&keywords=micro+usb&pd_rd_i=B07WC3ZMF1&pd_rd_r=7d01d0c4-204e-4e1e-b4dc-94c1d76d0ee2&pd_rd_w=V13aM&pd_rd_wg=LTbQ1&pf_rd_p=53f5f071-321e-4adc-a9c3-34b734db640f&pf_rd_r=6Q1CN912PJHH098XW3CK&psc=1&qid=1656174673&sr=1-2-7d9bfb42-6e38-4445-b604-42cab39e191b
"AmazonBasics USB 2.0 A-Male to Micro B Charger Cable (2 Pack), 6 feet, Black  ",4.6 out of 5 stars,"9,314  ",11.18,https://amazon.ca/AmazonBasics-Male-Micro-Cable-Black/dp/B071S5NPG9/ref=sxin_24_ac_d_rm?ac_md=2-2-bWljcm8gdXNiIDZmdA%3D%3D-ac_d_rm_rm_rm&content-id=amzn1.sym.53f5f071-321e-4adc-a9c3-34b734db640f%3Aamzn1.sym.53f5f071-321e-4adc-a9c3-34b734db640f&cv_ct_cx=micro+usb&keywords=micro+usb&pd_rd_i=B071S5NPG9&pd_rd_r=7d01d0c4-204e-4e1e-b4dc-94c1d76d0ee2&pd_rd_w=V13aM&pd_rd_wg=LTbQ1&pf_rd_p=53f5f071-321e-4adc-a9c3-34b734db640f&pf_rd_r=6Q1CN912PJHH098XW3CK&psc=1&qid=1656174673&sr=1-3-7d9bfb42-6e38-4445-b604-42cab39e191b
"Micro USB Cable, FONKEN USB to Micro USB Cable [6-Pack, 1FT 3.3FTx3 6.6FT 10FT] Nylon Braided USB 2.0 Fast Data Sync & Charging Cord for Compatible Samsung, HTC, LG, Sony, Nexus, Nokia (Black)  ",4.4 out of 5 stars,"1,725  ",15.99,https://amazon.ca/FONKEN-3-3FTx3-Braided-Charging-Compatible/dp/B01N5FMY50/ref=sxin_24_ac_d_rm?ac_md=4-3-bWljcm8gdXNiIHBhY2s%3D-ac_d_rm_rm_rm&content-id=amzn1.sym.53f5f071-321e-4adc-a9c3-34b734db640f%3Aamzn1.sym.53f5f071-321e-4adc-a9c3-34b734db640f&cv_ct_cx=micro+usb&keywords=micro+usb&pd_rd_i=B01N5FMY50&pd_rd_r=7d01d0c4-204e-4e1e-b4dc-94c1d76d0ee2&pd_rd_w=V13aM&pd_rd_wg=LTbQ1&pf_rd_p=53f5f071-321e-4adc-a9c3-34b734db640f&pf_rd_r=6Q1CN912PJHH098XW3CK&psc=1&qid=1656174673&sr=1-4-7d9bfb42-6e38-4445-b604-42cab39e191b
"AmazonBasics XLR Male to Female Microphone Cable - 25 Feet, Black  ",4.7 out of 5 stars,"29,339  ",17.47,https://amazon.ca/AmazonBasics-Male-Female-Microphone-Cable/dp/B01JNLUMMW/ref=sxin_25_trfobq2a_0_B01JNLUMMW?content-id=amzn1.sym.9993a9d9-676b-458e-9b7b-b37a30312f07%3Aamzn1.sym.9993a9d9-676b-458e-9b7b-b37a30312f07&cv_ct_cx=micro+usb&keywords=micro+usb&pd_rd_i=B01JNLUMMW&pd_rd_r=7d01d0c4-204e-4e1e-b4dc-94c1d76d0ee2&pd_rd_w=drvVJ&pd_rd_wg=LTbQ1&pf_rd_p=9993a9d9-676b-458e-9b7b-b37a30312f07&pf_rd_r=6Q1CN912PJHH098XW3CK&qid=1656174673&sr=1-1-c944532c-3909-4a2a-84a2-570d2ee3cd13
Amazon Basics Z25K USB 3.0 Cable - A-Male to Micro-B - 6 Feet (1.8 Meters)  ,4.5 out of 5 stars,"44,364  ",14.49,https://amazon.ca/AmazonBasics-USB-3-0-Cable-Male/dp/B00NH12R1O/ref=sxin_25_trfobq2a_1_B00NH12R1O?content-id=amzn1.sym.9993a9d9-676b-458e-9b7b-b37a30312f07%3Aamzn1.sym.9993a9d9-676b-458e-9b7b-b37a30312f07&cv_ct_cx=micro+usb&keywords=micro+usb&pd_rd_i=B00NH12R1O&pd_rd_r=7d01d0c4-204e-4e1e-b4dc-94c1d76d0ee2&pd_rd_w=drvVJ&pd_rd_wg=LTbQ1&pf_rd_p=9993a9d9-676b-458e-9b7b-b37a30312f07&pf_rd_r=6Q1CN912PJHH098XW3CK&qid=1656174673&sr=1-2-c944532c-3909-4a2a-84a2-570d2ee3cd13
"Amazon Basics USB 2.0 A-Male to Micro B Cable - 3-Foot, Black, 5-Pack  ",4.5 out of 5 stars,195  ,19.49,https://amazon.ca/AmazonBasics-Male-Micro-Cable-5-Pack/dp/B07QB6KL85/ref=sxin_25_trfobq2a_2_B07QB6KL85?content-id=amzn1.sym.9993a9d9-676b-458e-9b7b-b37a30312f07%3Aamzn1.sym.9993a9d9-676b-458e-9b7b-b37a30312f07&cv_ct_cx=micro+usb&keywords=micro+usb&pd_rd_i=B07QB6KL85&pd_rd_r=7d01d0c4-204e-4e1e-b4dc-94c1d76d0ee2&pd_rd_w=drvVJ&pd_rd_wg=LTbQ1&pf_rd_p=9993a9d9-676b-458e-9b7b-b37a30312f07&pf_rd_r=6Q1CN912PJHH098XW3CK&qid=1656174673&sr=1-3-c944532c-3909-4a2a-84a2-570d2ee3cd13
"AmazonBasics Double Braided Nylon USB 2.0 A to Micro B Charger Cable | 6 Feet, Red  ",4.5 out of 5 stars,"23,992  ",16.45,https://amazon.ca/AmazonBasics-Double-Braided-Nylon-Micro/dp/B074VN744L/ref=sxin_25_trfobq2a_3_B074VN744L?content-id=amzn1.sym.9993a9d9-676b-458e-9b7b-b37a30312f07%3Aamzn1.sym.9993a9d9-676b-458e-9b7b-b37a30312f07&cv_ct_cx=micro+usb&keywords=micro+usb&pd_rd_i=B074VN744L&pd_rd_r=7d01d0c4-204e-4e1e-b4dc-94c1d76d0ee2&pd_rd_w=drvVJ&pd_rd_wg=LTbQ1&pf_rd_p=9993a9d9-676b-458e-9b7b-b37a30312f07&pf_rd_r=6Q1CN912PJHH098XW3CK&qid=1656174673&sr=1-4-c944532c-3909-4a2a-84a2-570d2ee3cd13
AmazonBasics USB Type-C to Micro-B 2.0 Short Charger Cable - 6 Inches (15.2 Centimeters) - Black  ,4.4 out of 5 stars,"4,710  ",8.29,https://amazon.ca/AmazonBasics-USB-Type-C-Micro-B-Cable/dp/B01LONQ7R6/ref=sxin_25_trfobq2a_4_B01LONQ7R6?content-id=amzn1.sym.9993a9d9-676b-458e-9b7b-b37a30312f07%3Aamzn1.sym.9993a9d9-676b-458e-9b7b-b37a30312f07&cv_ct_cx=micro+usb&keywords=micro+usb&pd_rd_i=B01LONQ7R6&pd_rd_r=7d01d0c4-204e-4e1e-b4dc-94c1d76d0ee2&pd_rd_w=drvVJ&pd_rd_wg=LTbQ1&pf_rd_p=9993a9d9-676b-458e-9b7b-b37a30312f07&pf_rd_r=6Q1CN912PJHH098XW3CK&qid=1656174673&sr=1-5-c944532c-3909-4a2a-84a2-570d2ee3cd13
AmazonBasics Professional USB Condenser Microphone - Black  ,4.3 out of 5 stars,186  ,182.82,https://amazon.ca/AmazonBasics-Professional-USB-Condenser-Microphone/dp/B076ZXYG17/ref=sxin_25_trfobq2a_5_B076ZXYG17?content-id=amzn1.sym.9993a9d9-676b-458e-9b7b-b37a30312f07%3Aamzn1.sym.9993a9d9-676b-458e-9b7b-b37a30312f07&cv_ct_cx=micro+usb&keywords=micro+usb&pd_rd_i=B076ZXYG17&pd_rd_r=7d01d0c4-204e-4e1e-b4dc-94c1d76d0ee2&pd_rd_w=drvVJ&pd_rd_wg=LTbQ1&pf_rd_p=9993a9d9-676b-458e-9b7b-b37a30312f07&pf_rd_r=6Q1CN912PJHH098XW3CK&qid=1656174673&sr=1-6-c944532c-3909-4a2a-84a2-570d2ee3cd13
"AmazonBasics Double Braided Nylon USB Type-C to Micro-B 2.0 Male Charger Cable | 1 foot, Dark Grey  ",4.5 out of 5 stars,"7,714  ",14.29,https://amazon.ca/AmazonBasics-Double-Braided-Type-C-Micro-B/dp/B07CWH4YK2/ref=sxin_25_trfobq2a_6_B07CWH4YK2?content-id=amzn1.sym.9993a9d9-676b-458e-9b7b-b37a30312f07%3Aamzn1.sym.9993a9d9-676b-458e-9b7b-b37a30312f07&cv_ct_cx=micro+usb&keywords=micro+usb&pd_rd_i=B07CWH4YK2&pd_rd_r=7d01d0c4-204e-4e1e-b4dc-94c1d76d0ee2&pd_rd_w=drvVJ&pd_rd_wg=LTbQ1&pf_rd_p=9993a9d9-676b-458e-9b7b-b37a30312f07&pf_rd_r=6Q1CN912PJHH098XW3CK&qid=1656174673&sr=1-7-c944532c-3909-4a2a-84a2-570d2ee3cd13
"AmazonBasics 3 Pin Microphone Cable - 10 Feet, Silver  ",4.6 out of 5 stars,"2,204  ",18.88,https://amazon.ca/AmazonBasics-Braided-Microphone-Cable-10-Foot/dp/B07D49TN8D/ref=sxin_25_trfobq2a_7_B07D49TN8D?content-id=amzn1.sym.9993a9d9-676b-458e-9b7b-b37a30312f07%3Aamzn1.sym.9993a9d9-676b-458e-9b7b-b37a30312f07&cv_ct_cx=micro+usb&keywords=micro+usb&pd_rd_i=B07D49TN8D&pd_rd_r=7d01d0c4-204e-4e1e-b4dc-94c1d76d0ee2&pd_rd_w=drvVJ&pd_rd_wg=LTbQ1&pf_rd_p=9993a9d9-676b-458e-9b7b-b37a30312f07&pf_rd_r=6Q1CN912PJHH098XW3CK&qid=1656174673&sr=1-8-c944532c-3909-4a2a-84a2-570d2ee3cd13
"Anker [6-Pack] Powerline Micro USB - Compatible with Samsung, Nexus, LG, Motorola, Android Smartphones and More (Black)  ",4.6 out of 5 stars,"2,888  ",19.99,https://amazon.ca/Anker-6-Pack-PowerLine-Micro-USB/dp/B015XPU7RC/ref=sr_1_16?keywords=micro+usb&qid=1656174673&sr=8-16
"SURRI Micro USB Cable Android, Micro to USB Cable 5 Pack (3FT 3FT 6FT 6FT 10FT) Nylon Braided Sync and Fast Charging Cord Compatible Android Smartphones Tablets Wall and Car Charger, Galaxy S7/6 and More  ",4.3 out of 5 stars,209  ,14.39,https://amazon.ca/SURRI-Android-Charging-Compatible-Smartphones/dp/B07SGKW2H5/ref=sr_1_17?keywords=micro+usb&qid=1656174673&sr=8-17
StarTech.com Left Angle Micro USB Cable – 1 ft / 0.5m – 90 degree – USB Cord – USB Charger Cable – USB to Micro USB Cable (USBAUB50CMLA)  ,4.3 out of 5 stars,226  ,16.29,https://amazon.ca/StarTech-com-Left-Angle-Micro-Cable/dp/B071P99Q65/ref=sr_1_18?keywords=micro+usb&qid=1656174673&sr=8-18
"AmazonBasics USB 2.0 A-Male to Micro B Charger Cable, 3 feet, Black  ",4.6 out of 5 stars,"23,985  ",7.75,https://amazon.ca/AmazonBasics-Male-Micro-Cable-Black/dp/B0711PVX6Z/ref=sr_1_19?keywords=micro+usb&qid=1656174673&sr=8-19
"AmazonBasics USB 2.0 A-Male to Micro B Charger Cable (2 Pack), 6 feet, Black  ",4.6 out of 5 stars,"9,314  ",11.18,https://amazon.ca/AmazonBasics-Male-Micro-Cable-Black/dp/B071S5NPG9/ref=sr_1_20?keywords=micro+usb&qid=1656174673&sr=8-20
"AmazonBasics USB 2.0 A-Male to Micro B Charger Cable, 10 feet, Black  ",4.6 out of 5 stars,"11,516  ",9.38,https://amazon.ca/gp/slredirect/picassoRedirect.html/ref=pa_sp_mtf_aps_sr_pg1_1?ie=UTF8&adId=A0216354JGW4243COWHO&url=%2FAmazonBasics-Male-Micro-Cable-Black%2Fdp%2FB071S5NTDR%2Fref%3Dsr_1_21_sspa%3Fkeywords%3Dmicro%2Busb%26qid%3D1656174673%26sr%3D8-21-spons%26psc%3D1&qualifier=1656174673&id=126635983520266&widgetName=sp_mtf
Sabrent [6-Pack 22AWG Premium 1ft Micro USB Cables High Speed USB 2.0 A Male to Micro B Sync and Charge Cables [Black] (CB-UM61)  ,4.6 out of 5 stars,"1,632  ",12.98,https://amazon.ca/gp/slredirect/picassoRedirect.html/ref=pa_sp_mtf_aps_sr_pg1_1?ie=UTF8&adId=A04896912XBISN7J945P2&url=%2FSabrent-6-Pack-Premium-Cables-CB-UM61%2Fdp%2FB011KMSNXM%2Fref%3Dsr_1_22_sspa%3Fkeywords%3Dmicro%2Busb%26qid%3D1656174673%26sr%3D8-22-spons%26psc%3D1%26smid%3DA29Y8OP2GPR7PE&qualifier=1656174673&id=126635983520266&widgetName=sp_mtf
"Pofesun USB C Cable 90 Degree Right Angle 3-Pack 10ft Braided USB A to USB C Fast Charging Type C Charger Compatible for Samsung Galaxy S20 S10 S9 S8 Plus Note10 9 8 LG G8 G6 V40 V30-Blue,Green,Purple  ",4.6 out of 5 stars,370  ,15.99,https://amazon.ca/gp/slredirect/picassoRedirect.html/ref=pa_sp_mtf_aps_sr_pg1_1?ie=UTF8&adId=A04830273BFZ810184VLT&url=%2FPofesun-Braided-Charging-Compatible-V30-Blue%2Fdp%2FB08LVDD4TK%2Fref%3Dsr_1_23_sspa%3Fkeywords%3Dmicro%2Busb%26qid%3D1656174673%26sr%3D8-23-spons%26psc%3D1&qualifier=1656174673&id=126635983520266&widgetName=sp_mtf
"USB Computer Microphone with Mic Gain Knob, MAONO AU-PM461 Condenser Podcast Recording Mic for PC, Gaming, Voice Over, Streaming Twitch, Skype, YouTube  ",4.4 out of 5 stars,252  ,29.99,https://amazon.ca/gp/slredirect/picassoRedirect.html/ref=pa_sp_mtf_aps_sr_pg1_1?ie=UTF8&adId=A09669618HQF7Y656WXT&url=%2FMicrophone-MAONO-AU-PM461TR-Condenser-Recording%2Fdp%2FB08G4FCV3Y%2Fref%3Dsr_1_24_sspa%3Fkeywords%3Dmicro%2Busb%26qid%3D1656174673%26sr%3D8-24-spons%26psc%3D1&qualifier=1656174673&id=126635983520266&widgetName=sp_mtf
"[2-Pack] Anker 6ft / 1.8m Nylon Braided Tangle-Free Micro USB Cable with Gold-Plated Connectors for Android, Samsung, HTC, Nokia, Sony and More (Red)  ",4.4 out of 5 stars,"22,826  ",17.99,https://amazon.ca/Anker-Braided-Tangle-Free-Gold-Plated-Connectors/dp/B01DEMTOQ6/ref=sr_1_25?keywords=micro+usb&qid=1656174673&sr=8-25
"Anker Powerline Micro USB (6ft) - One of The World's Fastest, Most Durable Charging Cable, with 10000+ Bend Lifespan for Samsung, Nexus, LG, Motorola, Android Smartphones and More (Gray)  ",4.6 out of 5 stars,"6,544  ",16.99,https://amazon.ca/Anker-PowerLine-Micro-USB-6ft/dp/B012VZ7MUM/ref=sr_1_26?keywords=micro+usb&qid=1656174673&sr=8-26
"Micro USB Cable Aioneus [6ft 3Pack] Android Charger Fast Charging Cable Nylon Braided Micro B Charger Compatible with Samsung Galaxy S6 Edge S7 S5 J7 J5 J3, LG, Sony, PS4, Xbox (Blue, Grey, Gold)  ",4.2 out of 5 stars,282  ,11.89,https://amazon.ca/Aioneus-Android-Charger-Charging-Compatible/dp/B08XQM6VVH/ref=sr_1_27?keywords=micro+usb&qid=1656174673&sr=8-27
Sabrent [6-Pack 22AWG Premium 1ft Micro USB Cables High Speed USB 2.0 A Male to Micro B Sync and Charge Cables [Black] (CB-UM61)  ,4.6 out of 5 stars,"1,632  ",12.98,https://amazon.ca/Sabrent-6-Pack-Premium-Cables-CB-UM61/dp/B011KMSNXM/ref=sr_1_28?keywords=micro+usb&qid=1656174673&sr=8-28
"USB C 60W Magnetic Charging Cable, NESTELLE 6 in 1 PD Fast charge and Data Transfer Cord, USB type C to Type C cords, USB A /C to Magnetic head Tips Adapter Compatible with all Type C, Micro USB, phones Devices, Books, Laptop, tablet (Green 6.6 FT/2M) (Black, 6.6FT/2M)  ",4.2 out of 5 stars,24  ,21.99,https://amazon.ca/Magnetic-Charging-NESTELLE-Transfer-Compatible/dp/B09Q1SR6LW/ref=sr_1_29?keywords=micro+usb&qid=1656174673&sr=8-29
AmazonBasics USB Type-C to Micro-B 2.0 Charger Cable - 6 Feet (1.8 Meters) - Black  ,4.5 out of 5 stars,"1,017  ",8.67,https://amazon.ca/AmazonBasics-USB-Type-C-Micro-B-Cable/dp/B01GGKYE4U/ref=sr_1_30?keywords=micro+usb&qid=1656174673&sr=8-30
"Micro USB Data Cable 16.4 ft, Super Long and Durable Nylon Braided Charging Cable, USB to USB2.0 Compatible with Samsung HTC, Android, PS4, Sony, Sony, Moto, Nokia, Windows, etc. (Gray)  ",4.3 out of 5 stars,25  ,12.99,https://amazon.ca/Durable-Braided-Charging-Compatible-Samsung/dp/B09D3B6Y7R/ref=sr_1_31?keywords=micro+usb&qid=1656174673&sr=8-31
"Micro USB Cable PS4 15FT,iSeekerkit Extra Long Braided Type A Male to Micro-B Male Charging Data Cord Compatible for Samsung Galaxy S6 S7 Edge, PS4 Controller, Smartphones(Black)  ",4.5 out of 5 stars,360  ,12.99,https://amazon.ca/iSeekerkit-Charging-Compatible-Controller-Smartphones/dp/B07NRKXXGK/ref=sr_1_32?keywords=micro+usb&qid=1656174673&sr=8-32
"Micro USB Short Cables, Fasgear [6-Pcs 1ft/30cm] Micro USB to USB A Braided Fast Charger Compatible with Galaxy S6 S7 Edge J7 Note 5, LG, Xbox, PS4, Camera and More (6pcs Colorful Cables)  ",4.6 out of 5 stars,797  ,13.49,https://amazon.ca/Fasgear-Gold-Plated-Navy-Blue-Connector-Colorful/dp/B019RK5NLE/ref=sr_1_33?keywords=micro+usb&qid=1656174673&sr=8-33
"Micro USB Cable 90 Degree Extra Long 10FT Long Braided Android Fast Charger USB to Micro USB Charging Cable for Samsung Tablets, Galaxy S7 S6 Edge J8 J7, Xbox One, PS4 Controllers, Camera and More  ",3.8 out of 5 stars,26  ,10.99,https://amazon.ca/Braided-Android-Charger-Charging-Controllers/dp/B09HCSL4RW/ref=sr_1_34?keywords=micro+usb&qid=1656174673&sr=8-34
"Teleadapt 3 in1 Cable USB A to Lightning + Micro USB + Type-C，2.4 A/ 480 MBPS Data and Charging Cable for iPhone, iPad, Tablet, Android Phones, Perfect for Home, Car, Office, Travel 3 FT Silver  ",4.5 out of 5 stars,24  ,19.99,https://amazon.ca/Teleadapt-Lightning-Type-C%EF%BC%8C2-4-Charging-Android/dp/B099VXFCP6/ref=sr_1_35?keywords=micro+usb&qid=1656174673&sr=8-35
"STARTECH USB C to Micro USB Cable, 0.5m, M/M, Thunderbolt 3 Compatible, Micro USB Cord -USB Type C to Micro USB Cable  ",4.4 out of 5 stars,22  ,22.99,https://amazon.ca/STARTECH-Micro-Cable-Thunderbolt-Compatible/dp/B071J2VSBL/ref=sr_1_36?keywords=micro+usb&qid=1656174673&sr=8-36
"1.8meter Yellowknife Micro USB Cable USB 2.0 A to Micro USB Charger Cable Android Quick Charge Cord for PS4 Controller,Xbox One Controller, Samsung A10 S7 S6 A5 2016, J2,J3 J7 Prime, TV Stick (6ft, 1-Pack)  ",2.8 out of 5 stars,2  ,13.99,https://amazon.ca/1-8meter-Yellowknife-Cable-Charger-Controller/dp/B08Y6B7N6S/ref=sr_1_37?keywords=micro+usb&qid=1656174673&sr=8-37
StarTech.com 15cm 6in Mobile Charge Sync USB to Slim Micro USB Cable for Phones & Tablets A to Micro B - M/M - Thin Micro USB Charge Cable (USBAUB15CMBK)  ,4.4 out of 5 stars,401  ,11.99,https://amazon.ca/StarTech-6-Inch-Smartphones-Tablets-USBAUB15CMBK/dp/B00NPSG1E8/ref=sr_1_38?keywords=micro+usb&qid=1656174673&sr=8-38
AmazonBasics USB Type-C to Micro-B 2.0 Short Charger Cable - 6 Inches (15.2 Centimeters) - Black  ,4.4 out of 5 stars,"4,710  ",8.29,https://amazon.ca/AmazonBasics-USB-Type-C-Micro-B-Cable/dp/B01LONQ7R6/ref=sr_1_39?keywords=micro+usb&qid=1656174673&sr=8-39
StarTech.com USB C to Micro USB Cable - 3 ft / 1m - USB 2.0 Cable - Micro USB Cord - Micro B USB C Cable - USB 2.0 Type C (USB2CUB1M)  ,4.4 out of 5 stars,392  ,22.86,https://amazon.ca/StarTech-com-USB-Micro-Cable-Cord/dp/B00YEDP4CS/ref=sr_1_40?keywords=micro+usb&qid=1656174673&sr=8-40
10Ft/3M Micro USB Cables High Speed USB 2.0 A Male to Micro USB White - axGear  ,4.0 out of 5 stars,13  ,9.99,https://amazon.ca/10Ft-Micro-Cables-Speed-White/dp/B097CRQ81C/ref=sr_1_41?keywords=micro+usb&qid=1656174673&sr=8-41
StarTech.com 6in Micro USB Cable - A to Micro B - USB to Micro B - USB 2.0 A Male to USB 2.0 Micro-B Male - 6-inches - Black (UUSBHAUB6IN)  ,4.4 out of 5 stars,"6,607  ",11.99,https://amazon.ca/Startech-Com-UUSBHAUB6IN-6-Inch-Micro-Cable/dp/B003YKX6WM/ref=sr_1_42?keywords=micro+usb&qid=1656174673&sr=8-42
"Micro USB Cable, CableCreation Short USB to Micro USB Cable 2-Pack, Fast Charging Short Micro USB Triple Shielded Fast Charger Cable, Compatible with PS5, Laptop, Fire Stick, Power Bank, Roku Streaming TV Stick, Android Phone, Wireless Earbuds Charger, Bluetooth Speaker Charger, 0.5 ft/6 inch - Black  ",4.5 out of 5 stars,"5,898  ",10.99,https://amazon.ca/CableCreation-Charging-Shielded-Charger-Android/dp/B07CKXQ9NB/ref=sr_1_43?keywords=micro+usb&qid=1656174673&sr=8-43
"Rankie Micro USB to USB 2.0 Adapter, On-The-Go (OTG) Convertor Cable, 3-Pack, Black  ",4.5 out of 5 stars,"12,163  ",7.99,https://amazon.ca/Rankie-Micro-Adapter-Convertor-3-Pack/dp/B00YOX4JU6/ref=sr_1_44?keywords=micro+usb&qid=1656174673&sr=8-44
"Micro USB Cable, FONKEN USB to Micro USB Cable [6-Pack, 1FT 3.3FTx3 6.6FT 10FT] Nylon Braided USB 2.0 Fast Data Sync & Charging Cord for Compatible Samsung, HTC, LG, Sony, Nexus, Nokia (Black)  ",4.4 out of 5 stars,"1,725  ",15.99,https://amazon.ca/FONKEN-3-3FTx3-Braided-Charging-Compatible/dp/B01N5FMY50/ref=sr_1_45?keywords=micro+usb&qid=1656174673&sr=8-45
"Micro USB Cable Android Fast Charger, JSAUX 2 Pack 6.6FT Micro USB Android Phone Charger Nylon Braid Cord Compatible with Samsung Galaxy S7 S6 J7 Edge Note 5, Kindle, PS4 Controller, Xbox - Red  ",4.5 out of 5 stars,973  ,14.99,https://amazon.ca/Android-JSAUX-Charger-Braided-Compatible/dp/B07FVRT7T9/ref=sr_1_46?keywords=micro+usb&qid=1656174673&sr=8-46
StarTech.com 3m 10 ft Long Micro-USB Charge-and-Sync Cable -M/M - USB to Micro USB Charging Cable - 24 AWG (USBAUB3MBK)  ,4.2 out of 5 stars,34  ,14.99,https://amazon.ca/StarTech-com-Micro-USB-Charge-Sync-Cable/dp/B00QX4X694/ref=sr_1_47?keywords=micro+usb&qid=1656174673&sr=8-47
"ARKTEK USB-C Adapter - USB Type C (Female) to Micro USB (Male) Sync and Charging Adapter for Digital Camera Power Bank Galaxy S7/S7 Edge and More (Pack of 4, Black)  ",4.4 out of 5 stars,"1,139  ",9.99,https://amazon.ca/ARKTEK-Adapter-Charging-Digital-Samsung/dp/B07GFDNRQ2/ref=sr_1_48?keywords=micro+usb&qid=1656174673&sr=8-48
"PS4 Micro USB Charging Cable, [15FT 2Pack] Extra Long Fast Charging Cord, iSeekerkit High Speed Android Charger Cable Compatible for Samsung Tablet/Galaxy S7 Edge/S6/S5,Android,HTC,Xbox One  ",4.5 out of 5 stars,413  ,16.49,https://amazon.ca/Charging-iSeekerkit-Android-Charger-Compatible/dp/B07WYGR7RZ/ref=sr_1_49?keywords=micro+usb&qid=1656174673&sr=8-49
AmazonBasics USB Type-C to Micro-B 2.0 Charger Cable - 3 Feet (0.9 Meters) - Black  ,4.4 out of 5 stars,"3,975  ",9.95,https://amazon.ca/AmazonBasics-USB-Type-C-Micro-B-Cable/dp/B01GGKYAIU/ref=sr_1_50?keywords=micro+usb&qid=1656174673&sr=8-50
"CableCreation [2-Pack] 10 Ft Right Angle Micro USB 2.0 Braided Cable, 10 Feet 90 Degree Vertical Right USB 2.0 A Male to Micro USB Male with Aluminium Case,3 Meters, Space Gray  ",4.5 out of 5 stars,"1,171  ",15.99,https://amazon.ca/CableCreation-2-Pack-Braided-Vertical-Aluminium/dp/B09JYRJR4M/ref=sr_1_51?keywords=micro+usb&qid=1656174673&sr=8-51
AmazonBasics USB Type-C to Micro-B 2.0 Charger Cable - 3 Feet (0.9 Meters) - White  ,4.3 out of 5 stars,"1,411  ",8.55,https://amazon.ca/AmazonBasics-USB-Type-C-Micro-B-Cable/dp/B01GGKYD4Q/ref=sr_1_52?keywords=micro+usb&qid=1656174673&sr=8-52
"Micro USB Cable 15ft,Extra Long Braided Andorid Charging Cords, iSeekerKit 2Pack Colorful Micro USB to USB 2.0 for Android/Windows/PS4/Samsung Galaxy S6 S7 Edge,Note 5/4,LG,Moto,Nokia,HTC (Blue+Red)  ",4.6 out of 5 stars,973  ,18.49,https://amazon.ca/Braided-Andorid-Charging-iSeekerkit-Colorful/dp/B07FRB8MCX/ref=sr_1_53?keywords=micro+usb&qid=1656174673&sr=8-53
Micro USB Cable 10ft 3Pack by Ailun High Speed 2.0 USB A Male to Micro USB Sync and Charging Nylon Braided Cord for Smartphone Tablets Wall and Car Charger Connection Silver Blackwhite  ,4.4 out of 5 stars,"1,022  ",29.88,https://amazon.ca/10ft3Pack-Charging-Smartphone-Connection-Blackwhite/dp/B06XYH75NQ/ref=sr_1_54?keywords=micro+usb&qid=1656174673&sr=8-54
"UGREEN USB C to Micro USB Adapter Type C Female to Micro B Male Charger Connector Converter Compatible for Galaxy S7 S6 S5 Edge, J3 Prime, Redmi Note 5 Pro, Mi A2 Lite, PS4, Xbox One Controller, 2Pack  ",4.5 out of 5 stars,555  ,11.99,https://amazon.ca/UGREEN-Connector-Converter-Compatible-Controller/dp/B07NVDZK4F/ref=sr_1_55?keywords=micro+usb&qid=1656174673&sr=8-55
"BIGCOON 540° Rotating Magnetic Charging Cable [3Pack,3.3FT],3 in 1 Nylon Braided Magnetic Phone Charger Cable with LED Light,Compatible with Micro USB, Type C, iOS and Most Devices (Black)  ",4.4 out of 5 stars,29  ,17.99,https://amazon.ca/BIGCOON-Rotating-Magnetic-Charging-Compatible/dp/B09WF8HMQ8/ref=sr_1_56?keywords=micro+usb&qid=1656174673&sr=8-56
"AmazonBasics USB 2.0 A-Male to Micro B Charger Cable (3 Pack), 3 feet, Black  ",4.5 out of 5 stars,"5,782  ",14.19,https://amazon.ca/gp/slredirect/picassoRedirect.html/ref=pa_sp_btf_aps_sr_pg1_1?ie=UTF8&adId=A0645740B77ENTRNWXVE&url=%2FAmazonBasics-Male-Micro-Cable-Black%2Fdp%2FB072J1BSV6%2Fref%3Dsr_1_57_sspa%3Fkeywords%3Dmicro%2Busb%26qid%3D1656174673%26sr%3D8-57-spons%26psc%3D1&qualifier=1656174673&id=126635983520266&widgetName=sp_btf
"USB Hub 3.0,Vilcome 6-Port USB Hub (3 USB 3.0 Ports and 3 USB 2.0 Port),Ultra Slim USB Data Hub for MacBook Pro,iMac, Surface Pro, Wii U, XPS, Notebook PC, Mobile HDD,USB Flash Drives and More  ",4.5 out of 5 stars,"1,146  ",20.99,https://amazon.ca/gp/slredirect/picassoRedirect.html/ref=pa_sp_btf_aps_sr_pg1_1?ie=UTF8&adId=A02154202LB7X3RF0UGCY&url=%2FVilcome-6-Port-MacBook-Surface-Notebook%2Fdp%2FB085TJ6B78%2Fref%3Dsr_1_58_sspa%3Fkeywords%3Dmicro%2Busb%26qid%3D1656174673%26sr%3D8-58-spons%26psc%3D1&qualifier=1656174673&id=126635983520266&widgetName=sp_btf
"USB C Hub Ethernet, Dockteck 4 in 1 USB-C Hub Ethernet Hdmi Type C hub Ethernet Dongle with 1Gbps Ethernet, 4K HDMI Output, 100W PD, USB 3.0 for MacBook / Pro / Air, XPS, iPad Pro 2018 2020 and More  ",4.3 out of 5 stars,250  ,36.54,https://amazon.ca/gp/slredirect/picassoRedirect.html/ref=pa_sp_btf_aps_sr_pg1_1?ie=UTF8&adId=A09451713NQZ8P7YE8F6A&url=%2Fethernet-Dockteck-Dongle-Ethernet-MacBook%2Fdp%2FB08SM38LYG%2Fref%3Dsr_1_59_sspa%3Fkeywords%3Dmicro%2Busb%26qid%3D1656174673%26sr%3D8-59-spons%26psc%3D1&qualifier=1656174673&id=126635983520266&widgetName=sp_btf
"USB Hub Syntech 4-Ports USB Hub 3.0 with 2ft Extended Cable, USB Splitter with a USB C to USB Adapter, Compatible with MacBook Pro 2021, Mac Pro/Mini, iMac, ASUS, Chromebook, Dell, Surface Pro, etc.  ",4.6 out of 5 stars,618  ,18.99,https://amazon.ca/gp/slredirect/picassoRedirect.html/ref=pa_sp_btf_aps_sr_pg1_1?ie=UTF8&adId=A02161712ELZ5MMSTJP2P&url=%2FSyntech-Extended-Splitter-Compatible-Chromebook%2Fdp%2FB09BFCD9TY%2Fref%3Dsr_1_60_sspa%3Fkeywords%3Dmicro%2Busb%26qid%3D1656174673%26sr%3D8-60-spons%26psc%3D1&qualifier=1656174673&id=126635983520266&widgetName=sp_btf
"USB Podcast Microphone, All in one Kit with Gain Knob Pop Filter Arm Stand, MAONO Professional Condenser Computer Mic for Gaming, Recording, Streaming, Voice Over, YouTube, Twitch, PC, AU-PM461S  ",4.4 out of 5 stars,"1,876  ",47.99,https://amazon.ca/gp/slredirect/picassoRedirect.html/ref=pa_sp_atf_next_aps_sr_pg2_1?ie=UTF8&adId=A027496479CCRMVCJA43&url=%2FMicrophone-MAONO-Condenser-Recording-Compatible%2Fdp%2FB0933H2FMT%2Fref%3Dsr_1_49_sspa%3Fkeywords%3Dmicro%2Busb%26qid%3D1656174675%26sr%3D8-49-spons%26psc%3D1&qualifier=1656174675&id=4131672825836763&widgetName=sp_atf_next
Kingston Digital DataTraveler Micro 3.1 32GB USB 3.0 Compatible Hi-Speed up to 100MB/s Ultra-Small Metal Case Flash Drive - Silver (DTMC3/32GB)  ,4.5 out of 5 stars,"3,388  ",21.89,https://amazon.ca/gp/slredirect/picassoRedirect.html/ref=pa_sp_atf_next_aps_sr_pg2_1?ie=UTF8&adId=A020449138PKCON8POYEZ&url=%2FKingston-Digital-DataTraveler-32GB-Ultra-small%2Fdp%2FB00ZRHX7GK%2Fref%3Dsr_1_50_sspa%3Fkeywords%3Dmicro%2Busb%26qid%3D1656174675%26sr%3D8-50-spons%26psc%3D1&qualifier=1656174675&id=4131672825836763&widgetName=sp_atf_next
"32GB USB Flash Drive, RAOYI Thumb Drives Jump Drive Memory Stick with Lanyard for Storage and Backup, Black  ",4.3 out of 5 stars,254  ,9.99,https://amazon.ca/gp/slredirect/picassoRedirect.html/ref=pa_sp_atf_next_aps_sr_pg2_1?ie=UTF8&adId=A08250142FP0BFJG4NWMV&url=%2FRAOYI-Drives-Lanyard-Indicator-Storage%2Fdp%2FB082QTBH7D%2Fref%3Dsr_1_51_sspa%3Fkeywords%3Dmicro%2Busb%26qid%3D1656174675%26sr%3D8-51-spons%26psc%3D1&qualifier=1656174675&id=4131672825836763&widgetName=sp_atf_next
SABRENT [6-Pack] 22AWG Premium 3ft USB-C to USB A 2.0 Sync and Charge Cables [Black] (CB-C6X3)  ,4.6 out of 5 stars,282  ,16.99,https://amazon.ca/gp/slredirect/picassoRedirect.html/ref=pa_sp_atf_next_aps_sr_pg2_1?ie=UTF8&adId=A00182181VJHEYCNYV4IE&url=%2FSabrent-6-Pack-Premium-Charge-CB-C6X3%2Fdp%2FB075QF3BD6%2Fref%3Dsr_1_52_sspa%3Fkeywords%3Dmicro%2Busb%26qid%3D1656174675%26sr%3D8-52-spons%26psc%3D1%26smid%3DA29Y8OP2GPR7PE&qualifier=1656174675&id=4131672825836763&widgetName=sp_atf_next
"2-Pack 13ft Charger Cable Replacement for Wyze Cam Pan V2 V3, Oculus Go, Xbox One, PS4 Controller - Micro USB Power Cord  ",4.5 out of 5 stars,342  ,16.99,https://amazon.ca/Android-Charging-Cable-Power-Synce/dp/B07FX677JW/ref=sr_1_53?keywords=micro+usb&qid=1656174675&sr=8-53
"Micro USB Charger Cable, Fasgear 2 Pack 6ft/1.83m Long Nylon Braided Fast Charging Cord Compatible Samsung Galaxy S7 S6 Edge J7, HTC, Nexus, LG, Sony, PS4 and More Android Devices (Black,White)  ",4.5 out of 5 stars,961  ,11.49,https://amazon.ca/Fasgear-Braided-Tangle-Free-Colorful-Connectors/dp/B01GGX079S/ref=sr_1_54?keywords=micro+usb&qid=1656174675&sr=8-54
"100W Magnetic Charging Cable, NESTELLE 6 in 1 PD Fast charge and Data Transfer Cord , USB type C to Type C chord, USB A /C to 3 in 1 Magnetic Cable Tips Compatible with Type C, Micro USB, Phone, Book, Laptop, tablet, pad (BLACK 6FT)  ",3.9 out of 5 stars,50  ,26.99,https://amazon.ca/Magnetic-Charging-NESTELLE-Transfer-Compatible/dp/B09NJVYBNL/ref=sr_1_55?keywords=micro+usb&qid=1656174675&sr=8-55
"Micro USB Cable , Canjoy 3 Pack USB to Micro USB Cable 6ft Braided Android Charger Fast Charging Cord Compatible Samsung Galaxy S7 S6 Edge J7,Motorola,LG,Nexus,Nokia,Sony,HTC,Xbox,PS4,Tablet,Camera,MP3 and More Android Devices -Blue Rose Purple  ",4.5 out of 5 stars,766  ,15.99,https://amazon.ca/Canjoy-Braided-Charging-Compatible-Motorola/dp/B07KG174MH/ref=sr_1_56?keywords=micro+usb&qid=1656174675&sr=8-56
"AmazonBasics USB 2.0 A-Male to Micro B Charger Cable, 10 feet, Black  ",4.6 out of 5 stars,"11,516  ",9.38,https://amazon.ca/AmazonBasics-Male-Micro-Cable-Black/dp/B071S5NTDR/ref=sr_1_57?keywords=micro+usb&qid=1656174675&sr=8-57
"AAOTOKK 3 Ft 90 Degree Micro USB Cable Right Angle USB 2.0 Micro Male Nylon-Braided Fast Sync & Charging Cord Compatible with Android, Samsung, LG,Huawei, Smartphones & More(Black/3-Pack)  ",4.4 out of 5 stars,354  ,12.99,https://amazon.ca/AAOTOKK-Nylon-Braided-Charging-Compatible-Smartphones/dp/B0814VVPSZ/ref=sr_1_58?keywords=micro+usb&qid=1656174675&sr=8-58
"Wirlsweal Fast Charging Cable Type C, 6.6ft (2M) Portable Lightweight Fast Charging Micro USB Line Colored Braid Data Cable Black 2M  ",5.0 out of 5 stars,3  ,9.99,https://amazon.ca/Wirlsweal-Charging-Portable-Lightweight-Colored/dp/B09DJYP6V3/ref=sr_1_59?keywords=micro+usb&qid=1656174675&sr=8-59
"Micro USB Cable Android Charger [2Pack 6.6ft] Samsung Galaxy S7 Charger Cord,Android Phone Charger 3.0A Fast Charging Cable for Samsung Tablet, Galaxy S7, S6, J7, A5, Note 5, Kindle, PS4, LG, etc (Grey)  ",4.6 out of 5 stars,"2,009  ",12.74,https://amazon.ca/Android-Charger-Samsung-Galaxy-Charging/dp/B09TB6G13J/ref=sr_1_60?keywords=micro+usb&qid=1656174675&sr=8-60
"Micro USB Charging Cable,(4Pack 2X3.3ft 6.6ft 10ft) USB A to Micro Nylon Braided Android Charger Cord Data Sync Compatible for Samsung Galaxy J7,S7,S6, Moto,Sony,HTC,PS4,Kindle Fire,Android Smartphones and More Micro USB Ports Devices(Black+Grey)  ",4.5 out of 5 stars,830  ,16.99,https://amazon.ca/USB-Charging-2X3-3ft-Compatible-Smartphones/dp/B07Z3Y284M/ref=sr_1_61?keywords=micro+usb&qid=1656174675&sr=8-61
"Micro USB Cable Aioneus Android Charger 6FT 2Pack Fast Charging Nylon Braided Charger Cord for Samsung Galaxy J8 A10 A6 A5 S7/S6/S1/J7 Edge J5 J3 J3V J7V, Note 6/5, Moto E6 E5 E4, LG K40 K20, Tablet, PS4, Xbox one  ",4.3 out of 5 stars,182  ,11.99,https://amazon.ca/Aioneus-Android-Charger-Charging-Braided/dp/B098QGX9C5/ref=sr_1_62?keywords=micro+usb&qid=1656174675&sr=8-62
"LIANSUM USB to DC 5V Power Cord, Universal DC 5.5x2.1mm Plug Jack Charging Cable with 10 Connector Tips(5.5x2.5, 4.8x1.7, 4.0x1.7, 4.0x1.35, 3.5x1.35, 3.0x1.1, 2.5x0.7, Micro USB, Type-C, Mini USB)5FT  ",4.4 out of 5 stars,567  ,11.99,https://amazon.ca/LIANSUM-Universal-5-5x2-1mm-Charging-Connector/dp/B08V1HJWC8/ref=sr_1_63?keywords=micro+usb&qid=1656174675&sr=8-63
Multi Charging Cable 2Pack 6FT 3 in 1 Multi USB Charger Cable Nylon Braided Multiple USB Fast Charging Cord Adapter Data Sync Lightning and Type C Micro USB Port Connectors For All Cell Phones Tablets  ,4.3 out of 5 stars,33  ,20.99,https://amazon.ca/Charging-Charger-Multiple-Lightning-Connectors/dp/B09VPC223K/ref=sr_1_64?keywords=micro+usb&qid=1656174675&sr=8-64
"Multi Charging Cable 2Pack 4ft,180°Rotation 3 in 1 Nylon Braided Multiple USB Charging Cord with Type-C,Micro USB and IP Port Connectors Compatible Cell Phones Tablets and More,Port Cord 1.3ft,Black  ",4.6 out of 5 stars,46  ,19.99,https://amazon.ca/Charging-180%C2%B0Rotation-Multiple-Connectors-Compatible/dp/B09T9QRPSD/ref=sr_1_66?keywords=micro+usb&qid=1656174675&sr=8-66
"Multi Charger Cable [4FT 3A 2-Pack], SIQIWO 4 in 1 Nylon Braided Fast Charging Cord with 2iP/Type-C/Micro USB Port, for Google Pixel 5XL, LG V35 G7, Samsung Galaxy S22 S21 S10 S9, PS5, Kindle, Tablet  ",4.4 out of 5 stars,73  ,15.99,https://amazon.ca/SIQIWO-Charging-Charger-Compatible-Tablets/dp/B09DRX31XL/ref=sr_1_67?keywords=micro+usb&qid=1656174675&sr=8-67
"Micro USB Cable, CableCreation Short USB to Micro USB Cable, High-Speed A Male to Micro B, Triple Shielded Cable, Compatible with Power Bank, Fire Stick, Chromecast, 6 Inch Black  ",4.6 out of 5 stars,491  ,8.49,https://amazon.ca/Micro-CableCreation-High-Speed-Triple-Shielded/dp/B013G4D2OM/ref=sr_1_68?keywords=micro+usb&qid=1656174675&sr=8-68
"UGREEN Micro USB Cable Nylon Braided USB to Micro USB 2.0 Android Charging Cord for Galaxy S7 S6 A10, J3 Prime, Redmi Note 5 Pro, Honor Y9, PS4, Xbox One Controller (1.5FT)  ",4.5 out of 5 stars,762  ,7.99,https://amazon.ca/gp/slredirect/picassoRedirect.html/ref=pa_sp_mtf_aps_sr_pg2_1?ie=UTF8&adId=A03075721ZFICK83WPCP9&url=%2FUGREEN-Braided-Android-Charging-Controller%2Fdp%2FB07VJM9X87%2Fref%3Dsr_1_69_sspa%3Fkeywords%3Dmicro%2Busb%26qid%3D1656174675%26sr%3D8-69-spons%26psc%3D1&qualifier=1656174675&id=4131672825836763&widgetName=sp_mtf
"Patriot 64GB A1 / V30 Micro SD Card for Android Phones and Tablets, 4K Video Recording - PEF64GEP31MCX  ",4.5 out of 5 stars,"2,544  ",9.99,https://amazon.ca/gp/slredirect/picassoRedirect.html/ref=pa_sp_mtf_aps_sr_pg2_1?ie=UTF8&adId=A0977869190C2P1XGADNH&url=%2FPatriot-Memory-Android-Tablets-Recording%2Fdp%2FB07FKJS15M%2Fref%3Dsr_1_70_sspa%3Fkeywords%3Dmicro%2Busb%26qid%3D1656174675%26sr%3D8-70-spons%26psc%3D1&qualifier=1656174675&id=4131672825836763&widgetName=sp_mtf
"KEE AA USB Rechargeable Batteries - Lithium-ion 4-Pack, Charges in 2 Hours or Less, Over 1000 Charge Cycles, 4-to-1 USB to Micro USB Charging Cable, Fast, Easy & Convenient, LED Charge Indicator  ",4.3 out of 5 stars,29  ,34.99,https://amazon.ca/gp/slredirect/picassoRedirect.html/ref=pa_sp_mtf_aps_sr_pg2_1?ie=UTF8&adId=A06759601QW5VGYTZHJG0&url=%2FKEE-USB-Rechargeable-Batteries-Lithium-ion%2Fdp%2FB096YMPBVB%2Fref%3Dsr_1_71_sspa%3Fkeywords%3Dmicro%2Busb%26qid%3D1656174675%26sr%3D8-71-spons%26psc%3D1&qualifier=1656174675&id=4131672825836763&widgetName=sp_mtf
"Adaptive Fast Charger Kit Compatible with Samsung Galaxy S7/S7 Edge S6 /S6 Edge/ Note5/4 S4/S3 S2 J7 J7V J5 J3 J3V J2/G3 G4 K20/ Moto E4 E5, USB Wall Charger and 5FT Micro USB Cable (2 Pack, Black)  ",4.1 out of 5 stars,253  ,19.95,https://amazon.ca/gp/slredirect/picassoRedirect.html/ref=pa_sp_mtf_aps_sr_pg2_1?ie=UTF8&adId=A04541372G21REZ88235W&url=%2FAdaptive-Charger-Compatible-Samsung-Galaxy%2Fdp%2FB08YXQSRD7%2Fref%3Dsr_1_72_sspa%3Fkeywords%3Dmicro%2Busb%26qid%3D1656174675%26sr%3D8-72-spons%26psc%3D1&qualifier=1656174675&id=4131672825836763&widgetName=sp_mtf
"Micro B Cable,USB 3.0 A Male to Micro USB 3.0 Sync Cord,Data Wire for Toshiba,Seagate,Samsung,WD, My Passport and More External Hard Drive(1ft/35cm)  ",4.6 out of 5 stars,17  ,7.99,https://amazon.ca/Toshiba-Seagate-Samsung-Passport-External/dp/B08XYYLTCQ/ref=sr_1_73?keywords=micro+usb&qid=1656174675&sr=8-73
"TALK WORKS Micro USB Cable 10ft Long Android Cell Phone Charger Braided Heavy Duty Fast Charging Cord for Samsung Galaxy S6 / S7, Tablet, Bluetooth Speaker, Wireless Earbuds Headphones - Silver  ",4.3 out of 5 stars,"1,839  ",8.52,https://amazon.ca/TalkWorks-Android-Charger-Braided-Bluetooth/dp/B07R2M9493/ref=sr_1_74?keywords=micro+usb&qid=1656174675&sr=8-74
"Micro USB Cable Charger Android 2 Pack 10ft for Samsung Galaxy S7 Charging Cable, Phone Charger Cord Compatible with Samsung Galaxy S7 S6,Huawei p10 lite, Note 5, Kindle, Xbox, PS4 and More  ",4.5 out of 5 stars,449  ,16.99,https://amazon.ca/Charger-Android-Samsung-Charging-Compatible/dp/B08YFBRSZ1/ref=sr_1_75?keywords=micro+usb&qid=1656174675&sr=8-75
"BIGCOON Magnetic Charging Cable [3Pack,6.6FT],3 in 1 Nylon Braided Magnetic Phone Charger,Compatible with Micro USB,Type C,iOS and Most Devices (Black)  ",4.6 out of 5 stars,121  ,19.99,https://amazon.ca/BIGCOON-Magnetic-Charging-Braided-Compatible/dp/B09WF8Q779/ref=sr_1_76?keywords=micro+usb&qid=1656174675&sr=8-76
"StarTech.com 2m Micro USB Cable Cord - A to Down Angle Micro B - Down Angled Micro USB Cable - 1x USB A (M), 1x USB Micro B (M) - Black (USBAUB2MD)  ",4.5 out of 5 stars,"1,615  ",11.69,https://amazon.ca/Startech-Com-Micro-Cable-Black-USBAUB2MD/dp/B00EBGGXS2/ref=sr_1_77?keywords=micro+usb&qid=1656174675&sr=8-77
"Micro USB 3.0 Cable,USB A to Micro B Cord External Hard Drive Cable for Date Transfer Super Speed 5Gbps Power Delivery (3Feet)  ",4.3 out of 5 stars,18  ,9.99,https://amazon.ca/Micro-Cable-External-Transfer-Delivery/dp/B08HLVVCKB/ref=sr_1_78?keywords=micro+usb&qid=1656174675&sr=8-78
"Bismdky 3 Pack 3 in 1 Multi USB Retractable Charger Cable,3A Multiple Charging Cord Adapter with IP/USB-C/Micro-USB Port Adapter, Fast Charging Compatible with Cell Phones Tablets Universal Use  ",4.1 out of 5 stars,108  ,18.99,https://amazon.ca/Bismdky-Retractable-Micro-USB-Compatible-Universal/dp/B09GXHKJKQ/ref=sr_1_79?keywords=micro+usb&qid=1656174675&sr=8-79
"Short Micro USB Cable (6 Pack 1FT White), CLZWiiN 30CM Android Phone Charger Cord, High Speed Charging and Sync Data Cables for Charging Station, Samsung, HTC, Motorola, Nokia, Kindle, MP3, Tablet and More  ",4.8 out of 5 stars,13  ,10.99,https://amazon.ca/CLZWiiN-Android-Charger-Charging-Motorola/dp/B09YLQT9BJ/ref=sr_1_80?keywords=micro+usb&qid=1656174675&sr=8-80
"Micro B Cable,USB 3.0 A Male to Micro USB 3.0 Sync Cord,Data Wire Compatible for Toshiba,Seagate,Samsung,WD, My Passport and More External Hard Drive(1ft/35cm）  ",3.9 out of 5 stars,12  ,7.99,https://amazon.ca/Compatible-Toshiba-Seagate-Passport-External/dp/B08XYZDVBD/ref=sr_1_81?keywords=micro+usb&qid=1656174675&sr=8-81
LARRITS Extra Long 15FT USB 2.0 A to Micro B USB Cable 90 Degree Right Angle Charge Cord with 5pc Wiring Clips for Car Dash Cam GPS Navigation DVR Camcorder CCTV Security Cam  ,4.3 out of 5 stars,122  ,14.99,https://amazon.ca/LARRITS-Vehicle-Navigation-Digital-Camcorder/dp/B07K15MZKR/ref=sr_1_82?keywords=micro+usb&qid=1656174675&sr=8-82
StarTech.com 1m 3 ft Micro-USB Charge-and-Sync Cable - Left-Angle Micro-USB - M/M - USB to Micro USB Charging Cable - 30/24 AWG (USBAUB1MLA)  ,4.4 out of 5 stars,139  ,11.99,https://amazon.ca/Startech-com-Micro-USB-Cable-Left-Angle-Micro-USB-M-Charging/dp/B014J7P3UQ/ref=sr_1_83?keywords=micro+usb&qid=1656174675&sr=8-83
"Poyiccot Micro USB Cable, Micro USB to USB 2.0 Cable, 180 Degree U Shaped Micro USB Cable Android, 5-feet Nylon Braided Micro USB Fast Charging Cable for Samsung, Android Smartphones, Black  ",4.6 out of 5 stars,19  ,10.79,https://amazon.ca/Poyiccot-Android-Braided-Charging-Smartphones/dp/B08YMWQ9K1/ref=sr_1_84?keywords=micro+usb&qid=1656174675&sr=8-84
"Duttek Micro USB to 3.5mm Jack Audio Adapter Cable, Audio to Micro USB, Right Angled Micro USB Male to 4 Pole 3.5mm Female Cable Cord for Active Clip Mic Microphone Convert Adapter. 6Inch/15cm  ",3.8 out of 5 stars,150  ,10.38,https://amazon.ca/Duttek-Angled-Microphone-Convert-Adapter/dp/B092S6NQV1/ref=sr_1_85?keywords=micro+usb&qid=1656174675&sr=8-85
"UGREEN Micro USB Cable Nylon Braided USB to Micro USB 2.0 Android Charging Cord for Galaxy S7 S6 A10, J3 Prime, Redmi Note 5 Pro, Honor Y9, PS4, Xbox One Controller (1.5FT)  ",4.5 out of 5 stars,762  ,7.99,https://amazon.ca/UGREEN-Braided-Android-Charging-Controller/dp/B07VJM9X87/ref=sr_1_86?keywords=micro+usb&qid=1656174675&sr=8-86
"Yifchoti 3 Pack 3 in 1 Multi USB Retractable Charger Cable,3A Multiple Charging Cord Adapter With Phone/USB-C/Micro-USB Port Adapter, Compatible with Phone /Tablet/Samsung Galaxy/Google Pixel/Sony/LG/Huawei/OnePlus  ",4.4 out of 5 stars,22  ,17.99,https://amazon.ca/Yifchoti-Retractable-Multiple-Micro-USB-Compatible/dp/B09NCWWW8B/ref=sr_1_87?keywords=micro+usb&qid=1656174675&sr=8-87
"AmazonBasics USB 2.0 A-Male to Micro B Charger Cable, 6 feet, Black  ",4.6 out of 5 stars,"22,276  ",9.07,https://amazon.ca/AmazonBasics-Male-Micro-Cable-Black/dp/B07232M876/ref=sr_1_88?keywords=micro+usb&qid=1656174675&sr=8-88
Quiet Bay LED Illuminated Micro-USB Data/Charging Cables (Multi-Colored)  ,4.8 out of 5 stars,10  ,6.0,https://amazon.ca/Quiet-Bay-Illuminated-Micro-USB-Multi-Colored/dp/B07X6CNC6D/ref=sr_1_89?keywords=micro+usb&qid=1656174675&sr=8-89
"CableCreation Micro USB to Micro USB OTG Cable, Male to Male, Compatible with DJI Spark and Mavic, PS4, Android Phone and Tablet, DAC and More,8 inch / 20CM, Black  ",4.2 out of 5 stars,"6,983  ",7.99,https://amazon.ca/CableCreation-Micro-Kindle-Android-Tablet/dp/B01M5GZ3N0/ref=sr_1_90?keywords=micro+usb&qid=1656174675&sr=8-90
"Micro USB Charger Cable, Fasgear 2 Pack 10ft/3m Long Nylon Braided Fast Charging Cord Compatible Samsung Galaxy S7 S6 Edge J7, HTC, Nexus, LG, Sony, PS4 and More Android Devices (2 Pack Black)  ",4.6 out of 5 stars,"2,259  ",13.49,https://amazon.ca/Charger-Fasgear-Tangle-Free-colorful-Connectors/dp/B01HSTOIA8/ref=sr_1_91?keywords=micro+usb&qid=1656174675&sr=8-91
"AmazonBasics Double Braided Nylon USB 2.0 A to Micro B Charger Cable | 3 Feet, Red  ",4.5 out of 5 stars,"23,992  ",14.4,https://amazon.ca/AmazonBasics-Double-Braided-Nylon-Micro/dp/B074VD54TS/ref=sr_1_92?keywords=micro+usb&qid=1656174675&sr=8-92
"Data Cable, RC Drone Right Angle Type C to Micro USB Data Cable Compatible with DJI Mavic Air 2 / Mini 2 Remote Controller  ",3.2 out of 5 stars,6  ,12.77,https://amazon.ca/Cable-Drone-Compatible-Remote-Controller/dp/B095MB2YZR/ref=sr_1_93?keywords=micro+usb&qid=1656174675&sr=8-93
"UGREEN Micro USB 3.0 Cable, USB 3.0 A to Micro B Cord Nylon Braided External Hard Drive Cable Compatible with Samsung Galaxy S5, Note 3/Pro 12.2, Western Digital, Toshiba, My Passport, etc 3 FT  ",4.6 out of 5 stars,"2,240  ",13.99,https://amazon.ca/UGREEN-Braided-Charging-Compatible-External/dp/B089F9SBVJ/ref=sr_1_94?keywords=micro+usb&qid=1656174675&sr=8-94
"A.S USB Magnetic Charging Cable, Nylon Braided 3A Fast Charging Magnetic Data Cable, Universal 2 in 1 Magnetic Phone Charger Compatible with Micro USB, Type C Devices(Black,3Pack,6.6ft)  ",3.7 out of 5 stars,891  ,29.99,https://amazon.ca/S-Magnetic-Charging-Universal-Compatible/dp/B09F36FKNF/ref=sr_1_95?keywords=micro+usb&qid=1656174675&sr=8-95
StarTech.com 2m 6 ft Slim Micro USB 3.0 Cable M/M - Right-Angle Micro-USB - USB 3.0 A to Micro B - Angled Micro USB - USB 3.1 Gen 1 5Gbps (USB3AU2MRS)  ,4.6 out of 5 stars,297  ,28.09,https://amazon.ca/StarTech-2-Meter-M-Right-Angle-Micro-USB-USB-B-Angled/dp/B00YEDRQDS/ref=sr_1_96?keywords=micro+usb&qid=1656174675&sr=8-96
AT&T Samsung Galaxy S7 Active Adaptive Fast Charger Micro USB 2.0 [1 Wall Charger + 5 FT Micro USB Cable] AFC uses dual voltages for up to 50% faster charging! - BLACK - Bulk Packaging  ,4.4 out of 5 stars,171  ,29.97,https://amazon.ca/Samsung-Adaptive-Charger-Voltages-Charging/dp/B072YT3BFW/ref=sr_1_97?keywords=micro+usb&qid=1656174675&sr=8-97
"2 in 1 USB C Cable 0.8FT, CableCreation Micro USB + USB C to USB A Fast Charge Cord Braided, Compatible with Pixel XL, Android & USB-C Devices, 0.25 M/Space Gray Aluminum Case  ",4.4 out of 5 stars,570  ,10.99,https://amazon.ca/CableCreation-Braided-Micro-B-Sumsang-Aluminum/dp/B01MTZTHYH/ref=sr_1_98?keywords=micro+usb&qid=1656174675&sr=8-98
"100W Magnetic Charging Cable, NESTELLE 6 in 1 PD Fast Charge Data Transfer Cord, USBC Female USB A / C to Magnetic Head Tips for All Type C, Micro USB, Mobile Phones, Laptop, Tablet (6FT/2M, Red)  ",3.5 out of 5 stars,4  ,22.99,https://amazon.ca/Magnetic-Charging-NESTELLE-Charge-Transfer/dp/B09YT4V2DD/ref=sr_1_99?keywords=micro+usb&qid=1656174675&sr=8-99
"Hishell Magnetic Charging Cable Magnet Connector Micro USB Lightning Type C by option Fast Charger Cable with LED Light For iPhone 5,iPhone 6/6s/plus,iPhone 7/plus,iPhone 8/plus,iPhone X  ",3.4 out of 5 stars,11  ,10.99,https://amazon.ca/Hishell-Magnetic-Charging-Connector-Lightning/dp/B0743LW7ZQ/ref=sr_1_100?keywords=micro+usb&qid=1656174675&sr=8-100
Samsung 5-Feet Micro-USB 3.0 Charging Data Cable for Galaxy S5 and Note 3 N9000 - Non-Retail Packaging - White  ,4.3 out of 5 stars,319  ,32.97,https://amazon.ca/Samsung-5-Feet-Micro-USB-Charging-Galaxy/dp/B00G7UY3EG/ref=sr_1_101?keywords=micro+usb&qid=1656174675&sr=8-101
"Anker Powerline II 3-in-1 Cable, Lightning/Type C/Micro USB Cable for iPhone, iPad, Huawei, HTC, LG, Samsung Galaxy, Sony Xperia, Android Smartphones, and More(3ft, Black)  ",4.5 out of 5 stars,"10,135  ",35.99,https://amazon.ca/Anker-Powerline-Lightning-Samsung-Smartphones/dp/B07215381G/ref=sr_1_102?keywords=micro+usb&qid=1656174675&sr=8-102
"Micro USB Cable 1ft, iSeekerkit Short Nylon Braided Fast Charger Cable USB to Micro USB 2.0 Android Charging Cord Compatible for Galaxy S7 S6, LG, Nokia, PS4, Controller  ",4.4 out of 5 stars,213  ,8.99,https://amazon.ca/iSeekerkit-Braided-Charging-Compatible-Controller/dp/B08NSWGW1X/ref=sr_1_103?keywords=micro+usb&qid=1656174675&sr=8-103
"Micro USB Cable, Android Charger 10FT 3 Pack, Micro USB to USB 2.0 Cable PS4 Charging Cord Compatible with Samsung Galaxy S7 Edge S6 S5 Note 5,Android Phone,Kindle,Camera,LG G4,HTC and More  ",4.0 out of 5 stars,116  ,15.99,https://amazon.ca/Android-Charger-Charging-Compatible-Samsung/dp/B08R9V73VX/ref=sr_1_104?keywords=micro+usb&qid=1656174675&sr=8-104
CY CYFPV Micro USB Adapter Up Angle Micro USB Cable Adapter Micro USB Connector Micro USB Converter for FPV HDTV Multicopter Aerial Photography  ,4.2 out of 5 stars,148  ,10.0,https://amazon.ca/gp/slredirect/picassoRedirect.html/ref=pa_sp_btf_aps_sr_pg2_1?ie=UTF8&adId=A1011359QBSW09QXKWLF&url=%2FAdapter-Connector-Converter-Multicopter-Photography%2Fdp%2FB088NNTTZ2%2Fref%3Dsr_1_105_sspa%3Fkeywords%3Dmicro%2Busb%26qid%3D1656174675%26sr%3D8-105-spons%26psc%3D1&qualifier=1656174675&id=4131672825836763&widgetName=sp_btf
"KEE AAA USB Rechargeable Batteries - Lithium-ion 4-Pack, Charges in 2 Hours or Less, Over 1000 Charge Cycles, 4-to-1 USB to Micro USB Charging Cable, Fast, Easy & Convenient, LED Charge Indicator  ",4.3 out of 5 stars,32  ,39.99,https://amazon.ca/gp/slredirect/picassoRedirect.html/ref=pa_sp_btf_aps_sr_pg2_1?ie=UTF8&adId=A06758603AUZKLDWLSZPY&url=%2FKEE-AAA-USB-Rechargeable-Batteries%2Fdp%2FB0971JTRP5%2Fref%3Dsr_1_106_sspa%3Fkeywords%3Dmicro%2Busb%26qid%3D1656174675%26sr%3D8-106-spons%26psc%3D1&qualifier=1656174675&id=4131672825836763&widgetName=sp_btf
"UGREEN Micro USB Cable Nylon Braided Fast Quick Charger USB to Micro USB 2.0 Android Charging Cord for Galaxy S7 S6 S5 Edge A10, J3 Prime, Xiaomi Redmi Note 5 Pro, Honor Y9, PS4, Xbox One Controller (10ft, Black)  ",4.6 out of 5 stars,"24,224  ",12.99,https://amazon.ca/gp/slredirect/picassoRedirect.html/ref=pa_sp_btf_aps_sr_pg2_1?ie=UTF8&adId=A052003225E1KFBTJ0VCV&url=%2FUGREEN-Braided-Charger-Charging-Controller%2Fdp%2FB0773NF236%2Fref%3Dsr_1_108_sspa%3Fkeywords%3Dmicro%2Busb%26qid%3D1656174675%26sr%3D8-108-spons%26psc%3D1&qualifier=1656174675&id=4131672825836763&widgetName=sp_btf
